year,issue_date,song,artist,weeks_at_no1
2021,January 2, All I Want for Christmas Is You ,Mariah Carey,1
2021,January 9, Mood ,24kGoldn featuring Iann Dior,2
2021,January 23, Drivers License ,Olivia Rodrigo,8
2021,March 20, What's Next ,Drake,1
2021,March 27, Up ,Cardi B,1
2021,April 3, Peaches ,Justin Bieber featuring Daniel Caesar and Giveon,1
2021,April 10, Montero (Call Me by Your Name) ,Lil Nas X,1
2021,April 17, Leave the Door Open ,Silk Sonic ( Bruno Mars and Anderson .Paak ) [ note 1 ],1
2021,April 24, Rapstar ,Polo G,2
2021,May 8, Save Your Tears ,The Weeknd and Ariana Grande,2
2021,May 22,Leave the Door Open,Silk Sonic (Bruno Mars and Anderson .Paak),1
2021,May 29, Good 4 U ,Olivia Rodrigo,1
2021,June 5, Butter ,BTS,7
2021,August 14, Stay ,The Kid Laroi and Justin Bieber,4
2021,September 11,Butter,BTS,1
2021,September 18, Way 2 Sexy ,Drake featuring Future and Young Thug,1
2021,September 25,Stay,The Kid Laroi and Justin Bieber,2
2021,October 9, My Universe ,Coldplay and BTS,1
2021,October 16,Stay,The Kid Laroi and Justin Bieber,1
2021,October 23, Industry Baby ,Lil Nas X and Jack Harlow,1
2021,October 30, Easy on Me ,Adele,4
2021,November 27, All Too Well (Taylor's Version) ,Taylor Swift,1
2021,December 4,Easy on Me,Adele,3
2021,December 25,All I Want for Christmas Is You,Mariah Carey,1
2022,January 1, All I Want for Christmas Is You ,Mariah Carey,2
2022,January 15, Easy on Me ,Adele,3
2022,February 5, We Don't Talk About Bruno ,"Carolina Gaitán , Mauro Castillo, Adassa , Rhenzy Feliz , Diane Guerrero , Stephanie Beatriz and the Encanto cast",5
2022,March 12," Heat Waves "" †",Glass Animals,5
2022,April 16, As It Was ,Harry Styles,1
2022,April 23, First Class ,Jack Harlow,1
2022,April 30,As It Was,Harry Styles,2
2022,May 14, Wait for U ,Future featuring Drake and Tems,1
2022,May 21,First Class,Jack Harlow,2
2022,June 4,As It Was,Harry Styles,4
2022,July 2, Jimmy Cooks ,Drake featuring 21 Savage,1
2022,July 9,As It Was,Harry Styles,3
2022,July 30, About Damn Time ,Lizzo,2
2022,August 13, Break My Soul ,Beyoncé,2
2022,August 27, Super Freaky Girl ,Nicki Minaj,1
2022,September 3,As It Was,Harry Styles,5
2022,October 8, Bad Habit ,Steve Lacy,3
2022,October 29, Unholy ,Sam Smith and Kim Petras,1
2022,November 5, Anti-Hero ,Taylor Swift,6
2022,December 17,All I Want for Christmas Is You,Mariah Carey,3
2023,January 7, All I Want for Christmas Is You ,Mariah Carey,1
2023,January 14, Anti-Hero ,Taylor Swift,2
2023,January 28, Flowers ,Miley Cyrus,6
2023,March 11, Die for You ,The Weeknd and Ariana Grande,1
2023,March 18," Last Night "" †",Morgan Wallen,1
2023,March 25,Flowers,Miley Cyrus,2
2023,April 8, Like Crazy ,Jimin,1
2023,April 15,"Last Night"" †",Morgan Wallen,2
2023,April 29, Kill Bill ,SZA,1
2023,May 6,"Last Night"" †",Morgan Wallen,10
2023,July 15, Vampire ,Olivia Rodrigo,1
2023,July 22,"Last Night"" †",Morgan Wallen,1
2023,July 29, Seven ,Jung Kook featuring Latto,1
2023,August 5, Try That in a Small Town ,Jason Aldean,1
2023,August 12,"Last Night"" †",Morgan Wallen,2
2023,August 26, Rich Men North of Richmond ,Oliver Anthony Music,2
2023,September 9, I Remember Everything ,Zach Bryan featuring Kacey Musgraves,1
2023,September 16, Paint the Town Red ,Doja Cat,1
2023,September 23,Vampire,Olivia Rodrigo,1
2023,September 30, Slime You Out ,Drake featuring SZA,1
2023,October 7,Paint the Town Red,Doja Cat,2
2023,October 21, First Person Shooter ,Drake featuring J. Cole,1
2023,October 28, Cruel Summer ,Taylor Swift,2
2023,December 2, Lovin on Me ,Jack Harlow,1
2023,December 9, Rockin' Around the Christmas Tree ,Brenda Lee,2
2023,December 23,All I Want for Christmas Is You,Mariah Carey,2
2024,January 6, Rockin' Around the Christmas Tree ,Brenda Lee,1
2024,January 13, Lovin on Me ,Jack Harlow,2
2024,January 27," Yes, And? ",Ariana Grande,1
2024,February 3,Lovin on Me,Jack Harlow,1
2024,February 10, Hiss ,Megan Thee Stallion,1
2024,February 17,Lovin on Me,Jack Harlow,2
2024,March 2, Texas Hold 'Em ,Beyoncé,2
2024,March 16, Carnival ,¥$ : Ye and Ty Dolla Sign featuring Rich the Kid and Playboi Carti,1
2024,March 23, We Can't Be Friends (Wait for Your Love) ,Ariana Grande,1
2024,March 30," Lose Control "" †",Teddy Swims,1
2024,April 6, Like That ,"Future , Metro Boomin and Kendrick Lamar",3
2024,April 27, Too Sweet ,Hozier,1
2024,May 4, Fortnight ,Taylor Swift featuring Post Malone,2
2024,May 18, Not Like Us ,Kendrick Lamar,1
2024,May 25, I Had Some Help ,Post Malone featuring Morgan Wallen,5
2024,June 29, Please Please Please ,Sabrina Carpenter,1
2024,July 6,I Had Some Help,Post Malone featuring Morgan Wallen,1
2024,July 13, A Bar Song (Tipsy) ,Shaboozey,1
2024,July 20,Not Like Us,Kendrick Lamar,1
2024,July 27,A Bar Song (Tipsy),Shaboozey,14
2024,November 2, Love Somebody ,Morgan Wallen,1
2024,November 9,A Bar Song (Tipsy),Shaboozey,4
2024,December 7, Squabble Up ,Kendrick Lamar,1
2024,December 14, All I Want for Christmas Is You ,Mariah Carey,3
2025,January 4, All I Want for Christmas Is You ,Mariah Carey,1
2025,January 11," Die with a Smile "" †",Lady Gaga and Bruno Mars,4
2025,February 8, 4x4 ,Travis Scott,1
2025,February 15,"Die with a Smile"" †",Lady Gaga and Bruno Mars,1
2025,February 22, Not Like Us ,Kendrick Lamar,1
2025,March 1, Luther ,Kendrick Lamar and SZA,13
2025,May 31, What I Want ,Morgan Wallen featuring Tate McRae,1
2025,June 7, Ordinary ,Alex Warren,2
2025,June 21, Manchild ,Sabrina Carpenter,1
2025,June 28,Ordinary,Alex Warren,7
2025,August 16, Golden ,"Huntrix : Ejae , Audrey Nuna and Rei Ami",1
2025,August 23,Ordinary,Alex Warren,1
2025,August 30,Golden,"Huntrix: Ejae, Audrey Nuna and Rei Ami",7
2025,October 18, The Fate of Ophelia ,Taylor Swift,8
2025,December 13,All I Want for Christmas Is You,Mariah Carey,3
