year,issue_date,billboard_song,billboard_artist,weeks_at_no1
2021,2021-01-02,All I Want for Christmas Is You,Mariah Carey,1
2021,2021-01-09,Mood,24kGoldn featuring Iann Dior,2
2021,2021-01-23,Drivers License,Olivia Rodrigo,8
2021,2021-03-20,What's Next,Drake,1
2021,2021-03-27,Up,Cardi B,1
2021,2021-04-03,Peaches,Justin Bieber featuring Daniel Caesar and Giveon,1
2021,2021-04-10,Montero (Call Me by Your Name),Lil Nas X,1
2021,2021-04-17,Leave the Door Open,Silk Sonic ( Bruno Mars and Anderson .Paak ),1
2021,2021-04-24,Rapstar,Polo G,2
2021,2021-05-08,Save Your Tears,The Weeknd and Ariana Grande,2
2021,2021-05-22,Leave the Door Open,Silk Sonic (Bruno Mars and Anderson .Paak),1
2021,2021-05-29,Good 4 U,Olivia Rodrigo,1
2021,2021-06-05,Butter,BTS,7
2021,2021-08-14,Stay,The Kid Laroi and Justin Bieber,4
2021,2021-09-11,Butter,BTS,1
2021,2021-09-18,Way 2 Sexy,Drake featuring Future and Young Thug,1
2021,2021-09-25,Stay,The Kid Laroi and Justin Bieber,2
2021,2021-10-09,My Universe,Coldplay and BTS,1
2021,2021-10-16,Stay,The Kid Laroi and Justin Bieber,1
2021,2021-10-23,Industry Baby,Lil Nas X and Jack Harlow,1
2021,2021-10-30,Easy on Me,Adele,4
2021,2021-11-27,All Too Well (Taylor's Version),Taylor Swift,1
2021,2021-12-04,Easy on Me,Adele,3
2021,2021-12-25,All I Want for Christmas Is You,Mariah Carey,1
2022,2022-01-01,All I Want for Christmas Is You,Mariah Carey,2
2022,2022-01-15,Easy on Me,Adele,3
2022,2022-02-05,We Don't Talk About Bruno,"Carolina Gaitán , Mauro Castillo, Adassa , Rhenzy Feliz , Diane Guerrero , Stephanie Beatriz and the Encanto cast",5
2022,2022-03-12,"Heat Waves "" †",Glass Animals,5
2022,2022-04-16,As It Was,Harry Styles,1
2022,2022-04-23,First Class,Jack Harlow,1
2022,2022-04-30,As It Was,Harry Styles,2
2022,2022-05-14,Wait for U,Future featuring Drake and Tems,1
2022,2022-05-21,First Class,Jack Harlow,2
2022,2022-06-04,As It Was,Harry Styles,4
2022,2022-07-02,Jimmy Cooks,Drake featuring 21 Savage,1
2022,2022-07-09,As It Was,Harry Styles,3
2022,2022-07-30,About Damn Time,Lizzo,2
2022,2022-08-13,Break My Soul,Beyoncé,2
2022,2022-08-27,Super Freaky Girl,Nicki Minaj,1
2022,2022-09-03,As It Was,Harry Styles,5
2022,2022-10-08,Bad Habit,Steve Lacy,3
2022,2022-10-29,Unholy,Sam Smith and Kim Petras,1
2022,2022-11-05,Anti-Hero,Taylor Swift,6
2022,2022-12-17,All I Want for Christmas Is You,Mariah Carey,3
2023,2023-01-07,All I Want for Christmas Is You,Mariah Carey,1
2023,2023-01-14,Anti-Hero,Taylor Swift,2
2023,2023-01-28,Flowers,Miley Cyrus,6
2023,2023-03-11,Die for You,The Weeknd and Ariana Grande,1
2023,2023-03-18,"Last Night "" †",Morgan Wallen,1
2023,2023-03-25,Flowers,Miley Cyrus,2
2023,2023-04-08,Like Crazy,Jimin,1
2023,2023-04-15,"Last Night"" †",Morgan Wallen,2
2023,2023-04-29,Kill Bill,SZA,1
2023,2023-05-06,"Last Night"" †",Morgan Wallen,10
2023,2023-07-15,Vampire,Olivia Rodrigo,1
2023,2023-07-22,"Last Night"" †",Morgan Wallen,1
2023,2023-07-29,Seven,Jung Kook featuring Latto,1
2023,2023-08-05,Try That in a Small Town,Jason Aldean,1
2023,2023-08-12,"Last Night"" †",Morgan Wallen,2
2023,2023-08-26,Rich Men North of Richmond,Oliver Anthony Music,2
2023,2023-09-09,I Remember Everything,Zach Bryan featuring Kacey Musgraves,1
2023,2023-09-16,Paint the Town Red,Doja Cat,1
2023,2023-09-23,Vampire,Olivia Rodrigo,1
2023,2023-09-30,Slime You Out,Drake featuring SZA,1
2023,2023-10-07,Paint the Town Red,Doja Cat,2
2023,2023-10-21,First Person Shooter,Drake featuring J. Cole,1
2023,2023-10-28,Cruel Summer,Taylor Swift,2
2023,2023-12-02,Lovin on Me,Jack Harlow,1
2023,2023-12-09,Rockin' Around the Christmas Tree,Brenda Lee,2
2023,2023-12-23,All I Want for Christmas Is You,Mariah Carey,2
2024,2024-01-06,Rockin' Around the Christmas Tree,Brenda Lee,1
2024,2024-01-13,Lovin on Me,Jack Harlow,2
2024,2024-01-27,"Yes, And?",Ariana Grande,1
2024,2024-02-03,Lovin on Me,Jack Harlow,1
2024,2024-02-10,Hiss,Megan Thee Stallion,1
2024,2024-02-17,Lovin on Me,Jack Harlow,2
2024,2024-03-02,Texas Hold 'Em,Beyoncé,2
2024,2024-03-16,Carnival,¥$ : Ye and Ty Dolla Sign featuring Rich the Kid and Playboi Carti,1
2024,2024-03-23,We Can't Be Friends (Wait for Your Love),Ariana Grande,1
2024,2024-03-30,"Lose Control "" †",Teddy Swims,1
2024,2024-04-06,Like That,"Future , Metro Boomin and Kendrick Lamar",3
2024,2024-04-27,Too Sweet,Hozier,1
2024,2024-05-04,Fortnight,Taylor Swift featuring Post Malone,2
2024,2024-05-18,Not Like Us,Kendrick Lamar,1
2024,2024-05-25,I Had Some Help,Post Malone featuring Morgan Wallen,5
2024,2024-06-29,Please Please Please,Sabrina Carpenter,1
2024,2024-07-06,I Had Some Help,Post Malone featuring Morgan Wallen,1
2024,2024-07-13,A Bar Song (Tipsy),Shaboozey,1
2024,2024-07-20,Not Like Us,Kendrick Lamar,1
2024,2024-07-27,A Bar Song (Tipsy),Shaboozey,14
2024,2024-11-02,Love Somebody,Morgan Wallen,1
2024,2024-11-09,A Bar Song (Tipsy),Shaboozey,4
2024,2024-12-07,Squabble Up,Kendrick Lamar,1
2024,2024-12-14,All I Want for Christmas Is You,Mariah Carey,3
2025,2025-01-04,All I Want for Christmas Is You,Mariah Carey,1
2025,2025-01-11,"Die with a Smile "" †",Lady Gaga and Bruno Mars,4
2025,2025-02-08,4x4,Travis Scott,1
2025,2025-02-15,"Die with a Smile"" †",Lady Gaga and Bruno Mars,1
2025,2025-02-22,Not Like Us,Kendrick Lamar,1
2025,2025-03-01,Luther,Kendrick Lamar and SZA,13
2025,2025-05-31,What I Want,Morgan Wallen featuring Tate McRae,1
2025,2025-06-07,Ordinary,Alex Warren,2
2025,2025-06-21,Manchild,Sabrina Carpenter,1
2025,2025-06-28,Ordinary,Alex Warren,7
2025,2025-08-16,Golden,"Huntrix : Ejae , Audrey Nuna and Rei Ami",1
2025,2025-08-23,Ordinary,Alex Warren,1
2025,2025-08-30,Golden,"Huntrix: Ejae, Audrey Nuna and Rei Ami",7
2025,2025-10-18,The Fate of Ophelia,Taylor Swift,8
2025,2025-12-13,All I Want for Christmas Is You,Mariah Carey,3
